<?xml version="1.0" encoding="utf-8"?>
<annotations>
  <version>1.1</version>
  <meta>
    <task>
      <id>1482</id>
      <name>Fields</name>
      <size>1</size>
      <mode>annotation</mode>
      <overlap>0</overlap>
      <bugtracker></bugtracker>
      <created>2020-06-17 20:23:07.140289+03:00</created>
      <updated>2020-06-17 21:23:25.165629+03:00</updated>
      <start_frame>0</start_frame>
      <stop_frame>0</stop_frame>
      <frame_filter></frame_filter>
      <z_order>True</z_order>
      <labels>
        <label>
          <name>Field</name>
          <attributes>
          </attributes>
        </label>
      </labels>
      <segments>
        <segment>
          <id>3819</id>
          <start>0</start>
          <stop>0</stop>
          <url>httpcvat.org/?id=3819</url>
        </segment>
      </segments>
      <owner>
        <username>ihbmd123</username>
        <email>brett.drury@gmail.com</email>
      </owner>
      <assignee>
        <username>ihbmd123</username>
        <email>brett.drury@gmail.com</email>
      </assignee>
    </task>
    <dumped>2020-06-17 21:23:44.356106+03:00</dumped>
  </meta>
  <image id="0" name="m_3508125_ne_17_060_20181103_20190211.B.tif" width="1266" height="1518">
    <polygon label="Field" occluded="0" points="857.71,1139.10;923.43,1139.10;901.52,1222.74;831.82,1214.77;799.96,1141.09" z_order="1">
    </polygon>
    <polygon label="Field" occluded="0" points="925.42,1097.28;921.44,1131.13;861.69,1133.12;885.59,1081.35;911.48,1083.34;925.42,1087.32" z_order="2">
    </polygon>
    <polygon label="Field" occluded="0" points="931.39,1300.40;953.30,1292.44;915.46,1264.56;901.52,1268.54;903.51,1282.48" z_order="3">
    </polygon>
    <polygon label="Field" occluded="0" points="272.23,1356.16;278.21,1328.28;258.29,1320.32;254.31,1356.16;262.28,1380.06" z_order="4">
    </polygon>
    <polygon label="Field" occluded="0" points="638.66,810.51;626.71,832.42;604.80,818.48;596.84,800.56" z_order="5">
    </polygon>
    <polygon label="Field" occluded="0" points="638.66,804.54;644.63,790.60;602.81,758.74;584.89,790.60" z_order="6">
    </polygon>
    <polygon label="Field" occluded="0" points="1007.07,1348.20;1040.92,1342.22;1021.01,1380.06" z_order="7">
    </polygon>
    <polygon label="Field" occluded="0" points="602.81,718.91;590.86,720.90;598.83,671.12;646.62,671.12;650.60,683.06" z_order="8">
    </polygon>
    <polygon label="Field" occluded="0" points="559.00,667.13;590.86,671.12;586.88,722.89;557.01,722.89" z_order="9">
    </polygon>
    <polygon label="Field" occluded="0" points="650.60,661.16;666.53,643.24;688.44,653.19;666.53,687.05" z_order="10">
    </polygon>
    <polygon label="Field" occluded="0" points="304.10,1423.87;351.89,1437.81;345.92,1459.72;308.08,1457.73" z_order="11">
    </polygon>
    <polygon label="Field" occluded="0" points="590.86,332.57;660.56,308.68;704.37,318.63;682.47,338.55" z_order="12">
    </polygon>
    <polygon label="Field" occluded="0" points="1102.66,332.57;1140.49,314.65;1148.46,342.53;1124.56,356.47" z_order="13">
    </polygon>
    <polygon label="Field" occluded="0" points="1138.50,308.68;1190.28,308.68;1158.42,340.54" z_order="14">
    </polygon>
    <polygon label="Field" occluded="0" points="724.29,308.68;778.05,304.69;793.99,316.64;746.19,340.54;728.27,326.60" z_order="15">
    </polygon>
    <polygon label="Field" occluded="0" points="799.96,316.64;809.92,304.69;823.86,312.66;823.86,324.61" z_order="16">
    </polygon>
    <polygon label="Field" occluded="0" points="853.73,316.64;837.80,296.73;887.58,306.69" z_order="17">
    </polygon>
    <polygon label="Field" occluded="0" points="939.36,306.69;933.38,342.53;951.31,364.44;961.26,354.48" z_order="18">
    </polygon>
    <polygon label="Field" occluded="0" points="897.54,364.44;925.42,354.48;973.21,412.23;933.38,424.18" z_order="19">
    </polygon>
    <polygon label="Field" occluded="0" points="961.26,420.20;965.25,454.05;953.30,456.04;941.35,430.15" z_order="20">
    </polygon>
    <polygon label="Field" occluded="0" points="574.93,631.29;562.98,655.18;594.84,663.15;604.80,647.22" z_order="21">
    </polygon>
    <polygon label="Field" occluded="0" points="555.02,643.24;541.08,639.25;572.94,619.34" z_order="22">
    </polygon>
    <polygon label="Field" occluded="0" points="678.48,384.35;720.30,384.35;710.35,414.22;678.48,416.21" z_order="23">
    </polygon>
    <polygon label="Field" occluded="0" points="646.62,778.65;646.62,746.79;606.79,740.81" z_order="24">
    </polygon>
    <polygon label="Field" occluded="0" points="905.50,689.04;925.42,683.06;963.26,726.87;941.35,738.82" z_order="25">
    </polygon>
    <polygon label="Field" occluded="0" points="977.20,671.12;1009.06,675.10;1015.03,716.92;977.20,722.89" z_order="26">
    </polygon>
    <polygon label="Field" occluded="0" points="748.18,748.78;776.06,724.88;774.07,770.69" z_order="27">
    </polygon>
    <polygon label="Field" occluded="0" points="347.91,792.59;363.84,834.41;375.79,830.43" z_order="28">
    </polygon>
    <polygon label="Field" occluded="0" points="389.73,802.55;419.60,818.48;411.63,842.38;383.75,834.41" z_order="29">
    </polygon>
    <polygon label="Field" occluded="0" points="555.02,738.82;598.83,740.81;578.91,782.63;557.01,764.71" z_order="30">
    </polygon>
    <polygon label="Field" occluded="0" points="1176.34,675.10;1182.31,726.87;1204.22,722.89;1206.21,689.04" z_order="31">
    </polygon>
    <polygon label="Field" occluded="0" points="122.88,1121.18;168.68,1101.26;172.66,1081.35;144.78,1081.35" z_order="32">
    </polygon>
    <polygon label="Field" occluded="0" points="104.96,1107.24;128.85,1093.30;120.89,1079.36;98.98,1087.32" z_order="33">
    </polygon>
    <polygon label="Field" occluded="0" points="1162.40,762.72;1259.98,802.55;1261.97,852.33;1200.23,836.40" z_order="34">
    </polygon>
    <polygon label="Field" occluded="0" points="310.07,1380.06;347.91,1413.91;343.93,1425.86;306.09,1421.88" z_order="35">
    </polygon>
    <polygon label="Field" occluded="0" points="1104.65,1089.31;1134.52,1077.36;1148.46,1101.26;1134.52,1111.22" z_order="36">
    </polygon>
    <polygon label="Field" occluded="0" points="1092.70,1067.41;1108.63,1049.48;1064.82,1053.47" z_order="37">
    </polygon>
    <polygon label="Field" occluded="0" points="1126.55,1053.47;1144.48,1053.47;1138.50,1029.57;1114.60,1027.58" z_order="38">
    </polygon>
    <polygon label="Field" occluded="0" points="833.81,973.81;873.64,979.78;875.63,993.72;845.76,999.70" z_order="39">
    </polygon>
    <polygon label="Field" occluded="0" points="728.27,1009.66;734.24,997.71;746.19,953.90;708.35,1005.67" z_order="40">
    </polygon>
    <polygon label="Field" occluded="0" points="1144.48,300.71;1160.41,260.88;1202.23,258.89;1194.26,300.71" z_order="41">
    </polygon>
    <polygon label="Field" occluded="0" points="1120.58,229.02;1148.46,229.02;1154.43,260.88;1138.50,290.75" z_order="42">
    </polygon>
  </image>
</annotations>