<?xml version="1.0" encoding="utf-8"?>
<annotations>
  <version>1.1</version>
  <meta>
    <task>
      <id>1482</id>
      <name>Fields</name>
      <size>1</size>
      <mode>annotation</mode>
      <overlap>0</overlap>
      <bugtracker></bugtracker>
      <created>2020-06-17 20:23:07.140289+03:00</created>
      <updated>2020-06-17 20:23:07.140311+03:00</updated>
      <start_frame>0</start_frame>
      <stop_frame>0</stop_frame>
      <frame_filter></frame_filter>
      <z_order>True</z_order>
      <labels>
        <label>
          <name>Field</name>
          <attributes>
          </attributes>
        </label>
      </labels>
      <segments>
        <segment>
          <id>3819</id>
          <start>0</start>
          <stop>0</stop>
          <url>httpcvat.org/?id=3819</url>
        </segment>
      </segments>
      <owner>
        <username>ihbmd123</username>
        <email>brett.drury@gmail.com</email>
      </owner>
      <assignee>
        <username>ihbmd123</username>
        <email>brett.drury@gmail.com</email>
      </assignee>
    </task>
    <dumped>2020-06-17 20:33:57.869026+03:00</dumped>
  </meta>
  <image id="0" name="m_3508125_ne_17_060_20181103_20190211.B.tif" width="1266" height="1518">
  </image>
</annotations>